feature,gain,fold,mean_gain
hostgal_photoz,1965,1,1928.5714285714287
mjd_diff_det,1418,1,1460.857142857143
distmod,1269,1,1304.142857142857
hostgal_photoz_certain,1267,1,1289.0
hostgal_photoz_err,717,1,829.0
mjd__mean_abs_change,690,1,709.1428571428571
flux__longest_strike_above_mean,657,1,667.5714285714286
flux__sample_entropy,485,1,501.2857142857143
flux_by_flux_ratio_sq__longest_strike_above_mean,465,1,483.85714285714283
flux_by_flux_ratio_sq__median,436,1,405.57142857142856
flux_by_flux_ratio_sq__minimum,442,1,420.42857142857144
flux_by_flux_ratio_sq_skew,406,1,396.14285714285717
flux__cid_ce__normalize_True,425,1,428.7142857142857
mjd__mean_change,368,1,382.85714285714283
flux_by_flux_ratio_sq__longest_strike_below_mean,379,1,370.0
flux_diff2,375,1,333.7142857142857
flux_by_flux_ratio_sq__sample_entropy,385,1,350.42857142857144
bottom__flux_dif3,276,1,272.7142857142857
flux_err_min,453,1,397.85714285714283
0__abs_energy_norm,432,1,368.14285714285717
5__abs_energy_norm,284,1,299.42857142857144
2__skewness,276,1,260.0
2__median,270,1,283.7142857142857
bottom__flux_diff,299,1,292.85714285714283
"0__fft_coefficient__coeff_0__attr_""abs""_norm",250,1,310.2857142857143
flux_diff_2_by_1,357,1,302.2857142857143
1__skewness,248,1,274.57142857142856
flux_skew,303,1,304.57142857142856
flux__binned_entropy__max_bins_10,277,1,283.42857142857144
flux_by_flux_ratio_sq__count_above_mean,232,1,247.28571428571428
top__flux_dif3,289,1,289.0
4__cid_ce__normalize_True,298,1,293.57142857142856
flux__autocorrelation__lag_3,270,1,292.42857142857144
flux_diff__sample_entropy,285,1,293.7142857142857
abs_energy_5_by_0,222,1,247.28571428571428
abs_energy_4_by_0,301,1,312.7142857142857
flux_by_flux_ratio_sq__cid_ce__normalize_True,319,1,295.85714285714283
2__cid_ce__normalize_True,321,1,307.85714285714283
1__abs_energy_norm,232,1,280.2857142857143
0__cid_ce__normalize_True,281,1,266.42857142857144
1__cid_ce__normalize_True,235,1,305.0
2__minimum,277,1,281.42857142857144
flux_diff__longest_strike_above_mean,262,1,269.0
0__flux_by_flux_ratio_sq_sum,263,1,286.14285714285717
flux__ratio_beyond_r_sigma__r_2,243,1,233.28571428571428
flux_by_flux_ratio_sq__binned_entropy__max_bins_10,174,1,236.14285714285714
abs_energy_3_by_1,297,1,283.85714285714283
detected_mean,262,1,280.42857142857144
4__kurtosis,266,1,236.28571428571428
flux_diff_5_by_3,192,1,196.28571428571428
1__minimum,217,1,267.0
flux_norm_fft_5_by_0,203,1,222.57142857142858
1__flux_by_flux_ratio_sq_skew,228,1,263.85714285714283
abs_energy_2_by_1,211,1,243.0
5__median,209,1,235.0
flux__time_reversal_asymmetry_statistic__lag_4,203,1,279.2857142857143
1__median,300,1,266.42857142857144
5__kurtosis,243,1,200.57142857142858
1__kurtosis,148,1,193.85714285714286
"5__fft_coefficient__coeff_1__attr_""abs""_norm",166,1,199.85714285714286
3__skewness,179,1,213.14285714285714
2__skewness_diff,190,1,227.28571428571428
flux_diff_3_by_1,213,1,184.85714285714286
flux_diff_3_by_2,197,1,181.28571428571428
3__cid_ce__normalize_True,256,1,240.28571428571428
flux_diff__binned_entropy__max_bins_10,216,1,217.28571428571428
flux_median,258,1,253.85714285714286
abs_energy_5_by_2,199,1,195.42857142857142
flux_norm_fft_5_by_2,203,1,235.28571428571428
5__abs_energy,307,1,323.57142857142856
flux_diff_5_by_2,232,1,207.0
flux_by_flux_ratio_sq__first_location_of_minimum,228,1,231.28571428571428
3__kurtosis,200,1,224.14285714285714
flux_by_flux_ratio_sq__autocorrelation__lag_3,137,1,219.14285714285714
"2__fft_coefficient__coeff_0__attr_""abs""_diff",231,1,219.85714285714286
5__cid_ce__normalize_True,264,1,252.85714285714286
2__kurtosis,111,1,200.57142857142858
abs_energy_5_by_3,194,1,192.57142857142858
"5__fft_coefficient__coeff_0__attr_""abs""_norm",208,1,212.42857142857142
2__flux_dif3,307,1,278.42857142857144
5__binned_entropy__max_bins_10,226,1,223.85714285714286
flux_by_flux_ratio_sq__count_below_mean,277,1,266.14285714285717
0__mean,184,1,209.85714285714286
flux_norm_fft_4_by_2,211,1,215.71428571428572
bottom__abs_energy_norm,230,1,177.57142857142858
4__skewness_diff,265,1,246.42857142857142
flux_diff_skew,189,1,240.85714285714286
flux_diff__longest_strike_below_mean,301,1,250.28571428571428
4__median,151,1,196.57142857142858
4__skewness,244,1,206.0
"5__fft_coefficient__coeff_0__attr_""abs""",212,1,247.42857142857142
flux_diff_4_by_3,160,1,174.14285714285714
"0__fft_coefficient__coeff_1__attr_""abs""_norm",196,1,182.57142857142858
0__time_reversal_asymmetry_statistic__lag_4_diff,165,1,190.28571428571428
flux__mean_second_derivative_central,191,1,195.71428571428572
2__binned_entropy__max_bins_10,198,1,187.14285714285714
flux_diff_3_by_0,215,1,225.14285714285714
1__flux_dif3,201,1,199.42857142857142
5__sample_entropy_norm,248,1,236.28571428571428
flux_norm_fft_2_by_0,160,1,173.85714285714286
"1__fft_coefficient__coeff_0__attr_""abs""_diff",223,1,195.14285714285714
4__median_diff,166,1,160.57142857142858
4__flux_by_flux_ratio_sq_skew,161,1,153.71428571428572
1__sample_entropy_norm,159,1,227.42857142857142
4__autocorrelation__lag_3,211,1,177.57142857142858
flux__absolute_sum_of_changes,236,1,263.57142857142856
"4__fft_coefficient__coeff_1__attr_""abs""_norm",136,1,185.42857142857142
3__median,182,1,191.85714285714286
2__mean_second_derivative_central,208,1,200.42857142857142
flux_norm_fft_4_by_0,135,1,135.57142857142858
flux_diff_4_by_2,180,1,185.28571428571428
abs_energy_5_by_4,112,1,152.0
"0__fft_coefficient__coeff_1__attr_""abs""_diff",193,1,225.71428571428572
flux_diff_1_by_0,217,1,207.85714285714286
abs_energy_3_by_2,162,1,164.42857142857142
flux_diff_5_by_1,134,1,138.14285714285714
flux_norm_fft_3_by_0,167,1,161.0
3__skewness_diff,166,1,169.28571428571428
0__maximum,230,1,214.57142857142858
abs_energy_5_by_1,146,1,117.0
flux_ratio_sq_skew,160,1,162.28571428571428
object_id_div_27,164,1,159.71428571428572
4__time_reversal_asymmetry_statistic__lag_4,144,1,199.42857142857142
5__autocorrelation__lag_3,150,1,149.0
flux__mean_abs_change,226,1,237.42857142857142
1__maximum_diff,374,1,357.7142857142857
flux__count_above_mean,138,1,160.14285714285714
"4__fft_coefficient__coeff_0__attr_""abs""_norm",201,1,203.14285714285714
flux_diff__last_location_of_minimum,181,1,148.28571428571428
3__autocorrelation__lag_3,146,1,172.71428571428572
flux_diff_5_by_4,151,1,144.0
object_id_div_22,148,1,142.28571428571428
flux_norm_fft_3_by_1,171,1,171.85714285714286
flux__longest_strike_below_mean,141,1,155.14285714285714
flux_norm_fft_4_by_3,168,1,163.85714285714286
flux_diff_4_by_1,140,1,134.57142857142858
5__flux_by_flux_ratio_sq_skew,177,1,176.28571428571428
0__skewness_diff,96,1,145.28571428571428
flux_diff__last_location_of_maximum,131,1,154.71428571428572
abs_energy_4_by_1,117,1,146.85714285714286
abs_energy_3_by_0,158,1,168.28571428571428
"5__fft_coefficient__coeff_1__attr_""abs""",226,1,231.85714285714286
"3__fft_coefficient__coeff_0__attr_""abs""_diff",194,1,218.0
"5__fft_coefficient__coeff_0__attr_""abs""_diff",141,1,198.71428571428572
flux_norm_fft_2_by_1,157,1,172.0
"5__fft_coefficient__coeff_1__attr_""abs""_diff",214,1,234.28571428571428
2__maximum,194,1,225.71428571428572
0__median,176,1,175.85714285714286
1__binned_entropy__max_bins_10_diff,230,1,170.85714285714286
2__median_diff,129,1,135.42857142857142
2__sample_entropy_norm,165,1,154.14285714285714
flux_diff__first_location_of_maximum,108,1,136.28571428571428
flux_norm_fft_5_by_1,126,1,160.0
0__mean_second_derivative_central,182,1,160.0
flux_diff__first_location_of_minimum,146,1,118.71428571428571
3__binned_entropy__max_bins_10,100,1,118.14285714285714
0__skewness,141,1,165.14285714285714
5__skewness,109,1,148.85714285714286
0__flux_dif3,139,1,144.28571428571428
hostgal_photoz,1967,2,1928.5714285714287
mjd_diff_det,1527,2,1460.857142857143
distmod,1544,2,1304.142857142857
hostgal_photoz_certain,1360,2,1289.0
hostgal_photoz_err,1147,2,829.0
mjd__mean_abs_change,811,2,709.1428571428571
flux__longest_strike_above_mean,764,2,667.5714285714286
flux__sample_entropy,627,2,501.2857142857143
flux_by_flux_ratio_sq__longest_strike_above_mean,488,2,483.85714285714283
flux_by_flux_ratio_sq__median,479,2,405.57142857142856
flux_by_flux_ratio_sq__minimum,483,2,420.42857142857144
flux_by_flux_ratio_sq_skew,490,2,396.14285714285717
flux__cid_ce__normalize_True,489,2,428.7142857142857
mjd__mean_change,446,2,382.85714285714283
flux_by_flux_ratio_sq__longest_strike_below_mean,387,2,370.0
flux_diff2,324,2,333.7142857142857
flux_by_flux_ratio_sq__sample_entropy,358,2,350.42857142857144
bottom__flux_dif3,293,2,272.7142857142857
flux_err_min,494,2,397.85714285714283
0__abs_energy_norm,409,2,368.14285714285717
5__abs_energy_norm,329,2,299.42857142857144
2__skewness,308,2,260.0
2__median,349,2,283.7142857142857
bottom__flux_diff,313,2,292.85714285714283
"0__fft_coefficient__coeff_0__attr_""abs""_norm",395,2,310.2857142857143
flux_diff_2_by_1,353,2,302.2857142857143
1__skewness,317,2,274.57142857142856
flux_skew,399,2,304.57142857142856
flux__binned_entropy__max_bins_10,302,2,283.42857142857144
flux_by_flux_ratio_sq__count_above_mean,257,2,247.28571428571428
top__flux_dif3,325,2,289.0
4__cid_ce__normalize_True,389,2,293.57142857142856
flux__autocorrelation__lag_3,325,2,292.42857142857144
flux_diff__sample_entropy,371,2,293.7142857142857
abs_energy_5_by_0,319,2,247.28571428571428
abs_energy_4_by_0,290,2,312.7142857142857
flux_by_flux_ratio_sq__cid_ce__normalize_True,340,2,295.85714285714283
2__cid_ce__normalize_True,340,2,307.85714285714283
1__abs_energy_norm,326,2,280.2857142857143
0__cid_ce__normalize_True,337,2,266.42857142857144
1__cid_ce__normalize_True,450,2,305.0
2__minimum,286,2,281.42857142857144
flux_diff__longest_strike_above_mean,357,2,269.0
0__flux_by_flux_ratio_sq_sum,306,2,286.14285714285717
flux__ratio_beyond_r_sigma__r_2,288,2,233.28571428571428
flux_by_flux_ratio_sq__binned_entropy__max_bins_10,285,2,236.14285714285714
abs_energy_3_by_1,282,2,283.85714285714283
detected_mean,334,2,280.42857142857144
4__kurtosis,218,2,236.28571428571428
flux_diff_5_by_3,212,2,196.28571428571428
1__minimum,299,2,267.0
flux_norm_fft_5_by_0,276,2,222.57142857142858
1__flux_by_flux_ratio_sq_skew,309,2,263.85714285714283
abs_energy_2_by_1,292,2,243.0
5__median,221,2,235.0
flux__time_reversal_asymmetry_statistic__lag_4,370,2,279.2857142857143
1__median,334,2,266.42857142857144
5__kurtosis,251,2,200.57142857142858
1__kurtosis,226,2,193.85714285714286
"5__fft_coefficient__coeff_1__attr_""abs""_norm",201,2,199.85714285714286
3__skewness,263,2,213.14285714285714
2__skewness_diff,315,2,227.28571428571428
flux_diff_3_by_1,210,2,184.85714285714286
flux_diff_3_by_2,193,2,181.28571428571428
3__cid_ce__normalize_True,388,2,240.28571428571428
flux_diff__binned_entropy__max_bins_10,238,2,217.28571428571428
flux_median,300,2,253.85714285714286
abs_energy_5_by_2,200,2,195.42857142857142
flux_norm_fft_5_by_2,294,2,235.28571428571428
5__abs_energy,369,2,323.57142857142856
flux_diff_5_by_2,221,2,207.0
flux_by_flux_ratio_sq__first_location_of_minimum,336,2,231.28571428571428
3__kurtosis,270,2,224.14285714285714
flux_by_flux_ratio_sq__autocorrelation__lag_3,235,2,219.14285714285714
"2__fft_coefficient__coeff_0__attr_""abs""_diff",289,2,219.85714285714286
5__cid_ce__normalize_True,305,2,252.85714285714286
2__kurtosis,280,2,200.57142857142858
abs_energy_5_by_3,289,2,192.57142857142858
"5__fft_coefficient__coeff_0__attr_""abs""_norm",224,2,212.42857142857142
2__flux_dif3,396,2,278.42857142857144
5__binned_entropy__max_bins_10,270,2,223.85714285714286
flux_by_flux_ratio_sq__count_below_mean,296,2,266.14285714285717
0__mean,230,2,209.85714285714286
flux_norm_fft_4_by_2,301,2,215.71428571428572
bottom__abs_energy_norm,188,2,177.57142857142858
4__skewness_diff,339,2,246.42857142857142
flux_diff_skew,317,2,240.85714285714286
flux_diff__longest_strike_below_mean,286,2,250.28571428571428
4__median,209,2,196.57142857142858
4__skewness,198,2,206.0
"5__fft_coefficient__coeff_0__attr_""abs""",279,2,247.42857142857142
flux_diff_4_by_3,231,2,174.14285714285714
"0__fft_coefficient__coeff_1__attr_""abs""_norm",226,2,182.57142857142858
0__time_reversal_asymmetry_statistic__lag_4_diff,320,2,190.28571428571428
flux__mean_second_derivative_central,223,2,195.71428571428572
2__binned_entropy__max_bins_10,286,2,187.14285714285714
flux_diff_3_by_0,271,2,225.14285714285714
1__flux_dif3,317,2,199.42857142857142
5__sample_entropy_norm,230,2,236.28571428571428
flux_norm_fft_2_by_0,163,2,173.85714285714286
"1__fft_coefficient__coeff_0__attr_""abs""_diff",261,2,195.14285714285714
4__median_diff,256,2,160.57142857142858
4__flux_by_flux_ratio_sq_skew,209,2,153.71428571428572
1__sample_entropy_norm,295,2,227.42857142857142
4__autocorrelation__lag_3,232,2,177.57142857142858
flux__absolute_sum_of_changes,331,2,263.57142857142856
"4__fft_coefficient__coeff_1__attr_""abs""_norm",222,2,185.42857142857142
3__median,269,2,191.85714285714286
2__mean_second_derivative_central,269,2,200.42857142857142
flux_norm_fft_4_by_0,135,2,135.57142857142858
flux_diff_4_by_2,232,2,185.28571428571428
abs_energy_5_by_4,231,2,152.0
"0__fft_coefficient__coeff_1__attr_""abs""_diff",232,2,225.71428571428572
flux_diff_1_by_0,267,2,207.85714285714286
abs_energy_3_by_2,218,2,164.42857142857142
flux_diff_5_by_1,123,2,138.14285714285714
flux_norm_fft_3_by_0,214,2,161.0
3__skewness_diff,250,2,169.28571428571428
0__maximum,235,2,214.57142857142858
abs_energy_5_by_1,110,2,117.0
flux_ratio_sq_skew,174,2,162.28571428571428
object_id_div_27,176,2,159.71428571428572
4__time_reversal_asymmetry_statistic__lag_4,200,2,199.42857142857142
5__autocorrelation__lag_3,208,2,149.0
flux__mean_abs_change,265,2,237.42857142857142
1__maximum_diff,414,2,357.7142857142857
flux__count_above_mean,215,2,160.14285714285714
"4__fft_coefficient__coeff_0__attr_""abs""_norm",264,2,203.14285714285714
flux_diff__last_location_of_minimum,191,2,148.28571428571428
3__autocorrelation__lag_3,250,2,172.71428571428572
flux_diff_5_by_4,176,2,144.0
object_id_div_22,171,2,142.28571428571428
flux_norm_fft_3_by_1,181,2,171.85714285714286
flux__longest_strike_below_mean,196,2,155.14285714285714
flux_norm_fft_4_by_3,241,2,163.85714285714286
flux_diff_4_by_1,157,2,134.57142857142858
5__flux_by_flux_ratio_sq_skew,239,2,176.28571428571428
0__skewness_diff,212,2,145.28571428571428
flux_diff__last_location_of_maximum,166,2,154.71428571428572
abs_energy_4_by_1,174,2,146.85714285714286
abs_energy_3_by_0,214,2,168.28571428571428
"5__fft_coefficient__coeff_1__attr_""abs""",240,2,231.85714285714286
"3__fft_coefficient__coeff_0__attr_""abs""_diff",252,2,218.0
"5__fft_coefficient__coeff_0__attr_""abs""_diff",329,2,198.71428571428572
flux_norm_fft_2_by_1,227,2,172.0
"5__fft_coefficient__coeff_1__attr_""abs""_diff",298,2,234.28571428571428
2__maximum,260,2,225.71428571428572
0__median,267,2,175.85714285714286
1__binned_entropy__max_bins_10_diff,206,2,170.85714285714286
2__median_diff,172,2,135.42857142857142
2__sample_entropy_norm,177,2,154.14285714285714
flux_diff__first_location_of_maximum,177,2,136.28571428571428
flux_norm_fft_5_by_1,227,2,160.0
0__mean_second_derivative_central,230,2,160.0
flux_diff__first_location_of_minimum,172,2,118.71428571428571
3__binned_entropy__max_bins_10,108,2,118.14285714285714
0__skewness,207,2,165.14285714285714
5__skewness,199,2,148.85714285714286
0__flux_dif3,190,2,144.28571428571428
hostgal_photoz,1719,3,1928.5714285714287
mjd_diff_det,1461,3,1460.857142857143
distmod,1213,3,1304.142857142857
hostgal_photoz_certain,1199,3,1289.0
hostgal_photoz_err,1052,3,829.0
mjd__mean_abs_change,634,3,709.1428571428571
flux__longest_strike_above_mean,608,3,667.5714285714286
flux__sample_entropy,518,3,501.2857142857143
flux_by_flux_ratio_sq__longest_strike_above_mean,481,3,483.85714285714283
flux_by_flux_ratio_sq__median,360,3,405.57142857142856
flux_by_flux_ratio_sq__minimum,375,3,420.42857142857144
flux_by_flux_ratio_sq_skew,343,3,396.14285714285717
flux__cid_ce__normalize_True,419,3,428.7142857142857
mjd__mean_change,332,3,382.85714285714283
flux_by_flux_ratio_sq__longest_strike_below_mean,294,3,370.0
flux_diff2,312,3,333.7142857142857
flux_by_flux_ratio_sq__sample_entropy,371,3,350.42857142857144
bottom__flux_dif3,218,3,272.7142857142857
flux_err_min,317,3,397.85714285714283
0__abs_energy_norm,405,3,368.14285714285717
5__abs_energy_norm,255,3,299.42857142857144
2__skewness,234,3,260.0
2__median,237,3,283.7142857142857
bottom__flux_diff,334,3,292.85714285714283
"0__fft_coefficient__coeff_0__attr_""abs""_norm",288,3,310.2857142857143
flux_diff_2_by_1,193,3,302.2857142857143
1__skewness,223,3,274.57142857142856
flux_skew,275,3,304.57142857142856
flux__binned_entropy__max_bins_10,249,3,283.42857142857144
flux_by_flux_ratio_sq__count_above_mean,231,3,247.28571428571428
top__flux_dif3,248,3,289.0
4__cid_ce__normalize_True,249,3,293.57142857142856
flux__autocorrelation__lag_3,241,3,292.42857142857144
flux_diff__sample_entropy,263,3,293.7142857142857
abs_energy_5_by_0,241,3,247.28571428571428
abs_energy_4_by_0,303,3,312.7142857142857
flux_by_flux_ratio_sq__cid_ce__normalize_True,274,3,295.85714285714283
2__cid_ce__normalize_True,265,3,307.85714285714283
1__abs_energy_norm,297,3,280.2857142857143
0__cid_ce__normalize_True,253,3,266.42857142857144
1__cid_ce__normalize_True,343,3,305.0
2__minimum,222,3,281.42857142857144
flux_diff__longest_strike_above_mean,234,3,269.0
0__flux_by_flux_ratio_sq_sum,236,3,286.14285714285717
flux__ratio_beyond_r_sigma__r_2,179,3,233.28571428571428
flux_by_flux_ratio_sq__binned_entropy__max_bins_10,263,3,236.14285714285714
abs_energy_3_by_1,239,3,283.85714285714283
detected_mean,305,3,280.42857142857144
4__kurtosis,248,3,236.28571428571428
flux_diff_5_by_3,210,3,196.28571428571428
1__minimum,261,3,267.0
flux_norm_fft_5_by_0,170,3,222.57142857142858
1__flux_by_flux_ratio_sq_skew,236,3,263.85714285714283
abs_energy_2_by_1,201,3,243.0
5__median,215,3,235.0
flux__time_reversal_asymmetry_statistic__lag_4,257,3,279.2857142857143
1__median,217,3,266.42857142857144
5__kurtosis,168,3,200.57142857142858
1__kurtosis,204,3,193.85714285714286
"5__fft_coefficient__coeff_1__attr_""abs""_norm",141,3,199.85714285714286
3__skewness,209,3,213.14285714285714
2__skewness_diff,161,3,227.28571428571428
flux_diff_3_by_1,193,3,184.85714285714286
flux_diff_3_by_2,93,3,181.28571428571428
3__cid_ce__normalize_True,187,3,240.28571428571428
flux_diff__binned_entropy__max_bins_10,198,3,217.28571428571428
flux_median,252,3,253.85714285714286
abs_energy_5_by_2,169,3,195.42857142857142
flux_norm_fft_5_by_2,236,3,235.28571428571428
5__abs_energy,280,3,323.57142857142856
flux_diff_5_by_2,189,3,207.0
flux_by_flux_ratio_sq__first_location_of_minimum,156,3,231.28571428571428
3__kurtosis,164,3,224.14285714285714
flux_by_flux_ratio_sq__autocorrelation__lag_3,210,3,219.14285714285714
"2__fft_coefficient__coeff_0__attr_""abs""_diff",148,3,219.85714285714286
5__cid_ce__normalize_True,229,3,252.85714285714286
2__kurtosis,144,3,200.57142857142858
abs_energy_5_by_3,202,3,192.57142857142858
"5__fft_coefficient__coeff_0__attr_""abs""_norm",181,3,212.42857142857142
2__flux_dif3,162,3,278.42857142857144
5__binned_entropy__max_bins_10,191,3,223.85714285714286
flux_by_flux_ratio_sq__count_below_mean,228,3,266.14285714285717
0__mean,174,3,209.85714285714286
flux_norm_fft_4_by_2,147,3,215.71428571428572
bottom__abs_energy_norm,137,3,177.57142857142858
4__skewness_diff,251,3,246.42857142857142
flux_diff_skew,260,3,240.85714285714286
flux_diff__longest_strike_below_mean,200,3,250.28571428571428
4__median,187,3,196.57142857142858
4__skewness,158,3,206.0
"5__fft_coefficient__coeff_0__attr_""abs""",235,3,247.42857142857142
flux_diff_4_by_3,151,3,174.14285714285714
"0__fft_coefficient__coeff_1__attr_""abs""_norm",164,3,182.57142857142858
0__time_reversal_asymmetry_statistic__lag_4_diff,161,3,190.28571428571428
flux__mean_second_derivative_central,161,3,195.71428571428572
2__binned_entropy__max_bins_10,144,3,187.14285714285714
flux_diff_3_by_0,200,3,225.14285714285714
1__flux_dif3,193,3,199.42857142857142
5__sample_entropy_norm,206,3,236.28571428571428
flux_norm_fft_2_by_0,117,3,173.85714285714286
"1__fft_coefficient__coeff_0__attr_""abs""_diff",192,3,195.14285714285714
4__median_diff,126,3,160.57142857142858
4__flux_by_flux_ratio_sq_skew,146,3,153.71428571428572
1__sample_entropy_norm,222,3,227.42857142857142
4__autocorrelation__lag_3,149,3,177.57142857142858
flux__absolute_sum_of_changes,222,3,263.57142857142856
"4__fft_coefficient__coeff_1__attr_""abs""_norm",174,3,185.42857142857142
3__median,194,3,191.85714285714286
2__mean_second_derivative_central,178,3,200.42857142857142
flux_norm_fft_4_by_0,112,3,135.57142857142858
flux_diff_4_by_2,182,3,185.28571428571428
abs_energy_5_by_4,164,3,152.0
"0__fft_coefficient__coeff_1__attr_""abs""_diff",176,3,225.71428571428572
flux_diff_1_by_0,152,3,207.85714285714286
abs_energy_3_by_2,140,3,164.42857142857142
flux_diff_5_by_1,144,3,138.14285714285714
flux_norm_fft_3_by_0,150,3,161.0
3__skewness_diff,106,3,169.28571428571428
0__maximum,160,3,214.57142857142858
abs_energy_5_by_1,96,3,117.0
flux_ratio_sq_skew,209,3,162.28571428571428
object_id_div_27,134,3,159.71428571428572
4__time_reversal_asymmetry_statistic__lag_4,142,3,199.42857142857142
5__autocorrelation__lag_3,159,3,149.0
flux__mean_abs_change,215,3,237.42857142857142
1__maximum_diff,353,3,357.7142857142857
flux__count_above_mean,158,3,160.14285714285714
"4__fft_coefficient__coeff_0__attr_""abs""_norm",164,3,203.14285714285714
flux_diff__last_location_of_minimum,103,3,148.28571428571428
3__autocorrelation__lag_3,163,3,172.71428571428572
flux_diff_5_by_4,117,3,144.0
object_id_div_22,126,3,142.28571428571428
flux_norm_fft_3_by_1,154,3,171.85714285714286
flux__longest_strike_below_mean,153,3,155.14285714285714
flux_norm_fft_4_by_3,140,3,163.85714285714286
flux_diff_4_by_1,151,3,134.57142857142858
5__flux_by_flux_ratio_sq_skew,187,3,176.28571428571428
0__skewness_diff,152,3,145.28571428571428
flux_diff__last_location_of_maximum,148,3,154.71428571428572
abs_energy_4_by_1,145,3,146.85714285714286
abs_energy_3_by_0,150,3,168.28571428571428
"5__fft_coefficient__coeff_1__attr_""abs""",236,3,231.85714285714286
"3__fft_coefficient__coeff_0__attr_""abs""_diff",198,3,218.0
"5__fft_coefficient__coeff_0__attr_""abs""_diff",213,3,198.71428571428572
flux_norm_fft_2_by_1,129,3,172.0
"5__fft_coefficient__coeff_1__attr_""abs""_diff",179,3,234.28571428571428
2__maximum,208,3,225.71428571428572
0__median,97,3,175.85714285714286
1__binned_entropy__max_bins_10_diff,143,3,170.85714285714286
2__median_diff,159,3,135.42857142857142
2__sample_entropy_norm,140,3,154.14285714285714
flux_diff__first_location_of_maximum,138,3,136.28571428571428
flux_norm_fft_5_by_1,89,3,160.0
0__mean_second_derivative_central,72,3,160.0
flux_diff__first_location_of_minimum,82,3,118.71428571428571
3__binned_entropy__max_bins_10,114,3,118.14285714285714
0__skewness,203,3,165.14285714285714
5__skewness,105,3,148.85714285714286
0__flux_dif3,185,3,144.28571428571428
hostgal_photoz,2100,4,1928.5714285714287
mjd_diff_det,1595,4,1460.857142857143
distmod,1329,4,1304.142857142857
hostgal_photoz_certain,1325,4,1289.0
hostgal_photoz_err,760,4,829.0
mjd__mean_abs_change,772,4,709.1428571428571
flux__longest_strike_above_mean,738,4,667.5714285714286
flux__sample_entropy,486,4,501.2857142857143
flux_by_flux_ratio_sq__longest_strike_above_mean,495,4,483.85714285714283
flux_by_flux_ratio_sq__median,371,4,405.57142857142856
flux_by_flux_ratio_sq__minimum,457,4,420.42857142857144
flux_by_flux_ratio_sq_skew,369,4,396.14285714285717
flux__cid_ce__normalize_True,394,4,428.7142857142857
mjd__mean_change,403,4,382.85714285714283
flux_by_flux_ratio_sq__longest_strike_below_mean,363,4,370.0
flux_diff2,349,4,333.7142857142857
flux_by_flux_ratio_sq__sample_entropy,270,4,350.42857142857144
bottom__flux_dif3,297,4,272.7142857142857
flux_err_min,401,4,397.85714285714283
0__abs_energy_norm,341,4,368.14285714285717
5__abs_energy_norm,324,4,299.42857142857144
2__skewness,281,4,260.0
2__median,316,4,283.7142857142857
bottom__flux_diff,276,4,292.85714285714283
"0__fft_coefficient__coeff_0__attr_""abs""_norm",345,4,310.2857142857143
flux_diff_2_by_1,355,4,302.2857142857143
1__skewness,290,4,274.57142857142856
flux_skew,308,4,304.57142857142856
flux__binned_entropy__max_bins_10,220,4,283.42857142857144
flux_by_flux_ratio_sq__count_above_mean,234,4,247.28571428571428
top__flux_dif3,328,4,289.0
4__cid_ce__normalize_True,247,4,293.57142857142856
flux__autocorrelation__lag_3,301,4,292.42857142857144
flux_diff__sample_entropy,285,4,293.7142857142857
abs_energy_5_by_0,274,4,247.28571428571428
abs_energy_4_by_0,305,4,312.7142857142857
flux_by_flux_ratio_sq__cid_ce__normalize_True,245,4,295.85714285714283
2__cid_ce__normalize_True,284,4,307.85714285714283
1__abs_energy_norm,281,4,280.2857142857143
0__cid_ce__normalize_True,227,4,266.42857142857144
1__cid_ce__normalize_True,293,4,305.0
2__minimum,336,4,281.42857142857144
flux_diff__longest_strike_above_mean,245,4,269.0
0__flux_by_flux_ratio_sq_sum,315,4,286.14285714285717
flux__ratio_beyond_r_sigma__r_2,225,4,233.28571428571428
flux_by_flux_ratio_sq__binned_entropy__max_bins_10,237,4,236.14285714285714
abs_energy_3_by_1,300,4,283.85714285714283
detected_mean,245,4,280.42857142857144
4__kurtosis,251,4,236.28571428571428
flux_diff_5_by_3,185,4,196.28571428571428
1__minimum,275,4,267.0
flux_norm_fft_5_by_0,334,4,222.57142857142858
1__flux_by_flux_ratio_sq_skew,275,4,263.85714285714283
abs_energy_2_by_1,237,4,243.0
5__median,277,4,235.0
flux__time_reversal_asymmetry_statistic__lag_4,267,4,279.2857142857143
1__median,249,4,266.42857142857144
5__kurtosis,201,4,200.57142857142858
1__kurtosis,184,4,193.85714285714286
"5__fft_coefficient__coeff_1__attr_""abs""_norm",241,4,199.85714285714286
3__skewness,221,4,213.14285714285714
2__skewness_diff,233,4,227.28571428571428
flux_diff_3_by_1,176,4,184.85714285714286
flux_diff_3_by_2,198,4,181.28571428571428
3__cid_ce__normalize_True,222,4,240.28571428571428
flux_diff__binned_entropy__max_bins_10,194,4,217.28571428571428
flux_median,243,4,253.85714285714286
abs_energy_5_by_2,184,4,195.42857142857142
flux_norm_fft_5_by_2,209,4,235.28571428571428
5__abs_energy,303,4,323.57142857142856
flux_diff_5_by_2,211,4,207.0
flux_by_flux_ratio_sq__first_location_of_minimum,235,4,231.28571428571428
3__kurtosis,230,4,224.14285714285714
flux_by_flux_ratio_sq__autocorrelation__lag_3,250,4,219.14285714285714
"2__fft_coefficient__coeff_0__attr_""abs""_diff",239,4,219.85714285714286
5__cid_ce__normalize_True,248,4,252.85714285714286
2__kurtosis,223,4,200.57142857142858
abs_energy_5_by_3,173,4,192.57142857142858
"5__fft_coefficient__coeff_0__attr_""abs""_norm",233,4,212.42857142857142
2__flux_dif3,296,4,278.42857142857144
5__binned_entropy__max_bins_10,206,4,223.85714285714286
flux_by_flux_ratio_sq__count_below_mean,340,4,266.14285714285717
0__mean,224,4,209.85714285714286
flux_norm_fft_4_by_2,222,4,215.71428571428572
bottom__abs_energy_norm,163,4,177.57142857142858
4__skewness_diff,214,4,246.42857142857142
flux_diff_skew,271,4,240.85714285714286
flux_diff__longest_strike_below_mean,304,4,250.28571428571428
4__median,182,4,196.57142857142858
4__skewness,227,4,206.0
"5__fft_coefficient__coeff_0__attr_""abs""",286,4,247.42857142857142
flux_diff_4_by_3,196,4,174.14285714285714
"0__fft_coefficient__coeff_1__attr_""abs""_norm",155,4,182.57142857142858
0__time_reversal_asymmetry_statistic__lag_4_diff,178,4,190.28571428571428
flux__mean_second_derivative_central,208,4,195.71428571428572
2__binned_entropy__max_bins_10,179,4,187.14285714285714
flux_diff_3_by_0,232,4,225.14285714285714
1__flux_dif3,228,4,199.42857142857142
5__sample_entropy_norm,252,4,236.28571428571428
flux_norm_fft_2_by_0,217,4,173.85714285714286
"1__fft_coefficient__coeff_0__attr_""abs""_diff",190,4,195.14285714285714
4__median_diff,108,4,160.57142857142858
4__flux_by_flux_ratio_sq_skew,162,4,153.71428571428572
1__sample_entropy_norm,224,4,227.42857142857142
4__autocorrelation__lag_3,140,4,177.57142857142858
flux__absolute_sum_of_changes,255,4,263.57142857142856
"4__fft_coefficient__coeff_1__attr_""abs""_norm",222,4,185.42857142857142
3__median,195,4,191.85714285714286
2__mean_second_derivative_central,196,4,200.42857142857142
flux_norm_fft_4_by_0,163,4,135.57142857142858
flux_diff_4_by_2,178,4,185.28571428571428
abs_energy_5_by_4,155,4,152.0
"0__fft_coefficient__coeff_1__attr_""abs""_diff",268,4,225.71428571428572
flux_diff_1_by_0,236,4,207.85714285714286
abs_energy_3_by_2,147,4,164.42857142857142
flux_diff_5_by_1,152,4,138.14285714285714
flux_norm_fft_3_by_0,167,4,161.0
3__skewness_diff,149,4,169.28571428571428
0__maximum,210,4,214.57142857142858
abs_energy_5_by_1,123,4,117.0
flux_ratio_sq_skew,156,4,162.28571428571428
object_id_div_27,157,4,159.71428571428572
4__time_reversal_asymmetry_statistic__lag_4,205,4,199.42857142857142
5__autocorrelation__lag_3,155,4,149.0
flux__mean_abs_change,274,4,237.42857142857142
1__maximum_diff,313,4,357.7142857142857
flux__count_above_mean,143,4,160.14285714285714
"4__fft_coefficient__coeff_0__attr_""abs""_norm",217,4,203.14285714285714
flux_diff__last_location_of_minimum,128,4,148.28571428571428
3__autocorrelation__lag_3,146,4,172.71428571428572
flux_diff_5_by_4,103,4,144.0
object_id_div_22,185,4,142.28571428571428
flux_norm_fft_3_by_1,174,4,171.85714285714286
flux__longest_strike_below_mean,186,4,155.14285714285714
flux_norm_fft_4_by_3,145,4,163.85714285714286
flux_diff_4_by_1,114,4,134.57142857142858
5__flux_by_flux_ratio_sq_skew,171,4,176.28571428571428
0__skewness_diff,121,4,145.28571428571428
flux_diff__last_location_of_maximum,191,4,154.71428571428572
abs_energy_4_by_1,149,4,146.85714285714286
abs_energy_3_by_0,155,4,168.28571428571428
"5__fft_coefficient__coeff_1__attr_""abs""",263,4,231.85714285714286
"3__fft_coefficient__coeff_0__attr_""abs""_diff",216,4,218.0
"5__fft_coefficient__coeff_0__attr_""abs""_diff",210,4,198.71428571428572
flux_norm_fft_2_by_1,138,4,172.0
"5__fft_coefficient__coeff_1__attr_""abs""_diff",261,4,234.28571428571428
2__maximum,205,4,225.71428571428572
0__median,157,4,175.85714285714286
1__binned_entropy__max_bins_10_diff,126,4,170.85714285714286
2__median_diff,123,4,135.42857142857142
2__sample_entropy_norm,139,4,154.14285714285714
flux_diff__first_location_of_maximum,141,4,136.28571428571428
flux_norm_fft_5_by_1,133,4,160.0
0__mean_second_derivative_central,200,4,160.0
flux_diff__first_location_of_minimum,95,4,118.71428571428571
3__binned_entropy__max_bins_10,93,4,118.14285714285714
0__skewness,131,4,165.14285714285714
5__skewness,199,4,148.85714285714286
0__flux_dif3,139,4,144.28571428571428
hostgal_photoz,1951,5,1928.5714285714287
mjd_diff_det,1583,5,1460.857142857143
distmod,1332,5,1304.142857142857
hostgal_photoz_certain,1389,5,1289.0
hostgal_photoz_err,730,5,829.0
mjd__mean_abs_change,781,5,709.1428571428571
flux__longest_strike_above_mean,682,5,667.5714285714286
flux__sample_entropy,464,5,501.2857142857143
flux_by_flux_ratio_sq__longest_strike_above_mean,494,5,483.85714285714283
flux_by_flux_ratio_sq__median,390,5,405.57142857142856
flux_by_flux_ratio_sq__minimum,398,5,420.42857142857144
flux_by_flux_ratio_sq_skew,369,5,396.14285714285717
flux__cid_ce__normalize_True,460,5,428.7142857142857
mjd__mean_change,410,5,382.85714285714283
flux_by_flux_ratio_sq__longest_strike_below_mean,441,5,370.0
flux_diff2,337,5,333.7142857142857
flux_by_flux_ratio_sq__sample_entropy,358,5,350.42857142857144
bottom__flux_dif3,315,5,272.7142857142857
flux_err_min,395,5,397.85714285714283
0__abs_energy_norm,362,5,368.14285714285717
5__abs_energy_norm,303,5,299.42857142857144
2__skewness,243,5,260.0
2__median,313,5,283.7142857142857
bottom__flux_diff,332,5,292.85714285714283
"0__fft_coefficient__coeff_0__attr_""abs""_norm",333,5,310.2857142857143
flux_diff_2_by_1,297,5,302.2857142857143
1__skewness,308,5,274.57142857142856
flux_skew,283,5,304.57142857142856
flux__binned_entropy__max_bins_10,319,5,283.42857142857144
flux_by_flux_ratio_sq__count_above_mean,278,5,247.28571428571428
top__flux_dif3,271,5,289.0
4__cid_ce__normalize_True,302,5,293.57142857142856
flux__autocorrelation__lag_3,328,5,292.42857142857144
flux_diff__sample_entropy,308,5,293.7142857142857
abs_energy_5_by_0,276,5,247.28571428571428
abs_energy_4_by_0,298,5,312.7142857142857
flux_by_flux_ratio_sq__cid_ce__normalize_True,344,5,295.85714285714283
2__cid_ce__normalize_True,373,5,307.85714285714283
1__abs_energy_norm,316,5,280.2857142857143
0__cid_ce__normalize_True,308,5,266.42857142857144
1__cid_ce__normalize_True,326,5,305.0
2__minimum,264,5,281.42857142857144
flux_diff__longest_strike_above_mean,301,5,269.0
0__flux_by_flux_ratio_sq_sum,296,5,286.14285714285717
flux__ratio_beyond_r_sigma__r_2,272,5,233.28571428571428
flux_by_flux_ratio_sq__binned_entropy__max_bins_10,274,5,236.14285714285714
abs_energy_3_by_1,308,5,283.85714285714283
detected_mean,313,5,280.42857142857144
4__kurtosis,240,5,236.28571428571428
flux_diff_5_by_3,224,5,196.28571428571428
1__minimum,266,5,267.0
flux_norm_fft_5_by_0,193,5,222.57142857142858
1__flux_by_flux_ratio_sq_skew,331,5,263.85714285714283
abs_energy_2_by_1,278,5,243.0
5__median,263,5,235.0
flux__time_reversal_asymmetry_statistic__lag_4,295,5,279.2857142857143
1__median,276,5,266.42857142857144
5__kurtosis,183,5,200.57142857142858
1__kurtosis,234,5,193.85714285714286
"5__fft_coefficient__coeff_1__attr_""abs""_norm",242,5,199.85714285714286
3__skewness,208,5,213.14285714285714
2__skewness_diff,233,5,227.28571428571428
flux_diff_3_by_1,174,5,184.85714285714286
flux_diff_3_by_2,175,5,181.28571428571428
3__cid_ce__normalize_True,188,5,240.28571428571428
flux_diff__binned_entropy__max_bins_10,246,5,217.28571428571428
flux_median,262,5,253.85714285714286
abs_energy_5_by_2,223,5,195.42857142857142
flux_norm_fft_5_by_2,251,5,235.28571428571428
5__abs_energy,344,5,323.57142857142856
flux_diff_5_by_2,223,5,207.0
flux_by_flux_ratio_sq__first_location_of_minimum,230,5,231.28571428571428
3__kurtosis,238,5,224.14285714285714
flux_by_flux_ratio_sq__autocorrelation__lag_3,235,5,219.14285714285714
"2__fft_coefficient__coeff_0__attr_""abs""_diff",242,5,219.85714285714286
5__cid_ce__normalize_True,301,5,252.85714285714286
2__kurtosis,256,5,200.57142857142858
abs_energy_5_by_3,180,5,192.57142857142858
"5__fft_coefficient__coeff_0__attr_""abs""_norm",226,5,212.42857142857142
2__flux_dif3,329,5,278.42857142857144
5__binned_entropy__max_bins_10,226,5,223.85714285714286
flux_by_flux_ratio_sq__count_below_mean,287,5,266.14285714285717
0__mean,237,5,209.85714285714286
flux_norm_fft_4_by_2,253,5,215.71428571428572
bottom__abs_energy_norm,246,5,177.57142857142858
4__skewness_diff,247,5,246.42857142857142
flux_diff_skew,260,5,240.85714285714286
flux_diff__longest_strike_below_mean,253,5,250.28571428571428
4__median,221,5,196.57142857142858
4__skewness,285,5,206.0
"5__fft_coefficient__coeff_0__attr_""abs""",235,5,247.42857142857142
flux_diff_4_by_3,146,5,174.14285714285714
"0__fft_coefficient__coeff_1__attr_""abs""_norm",191,5,182.57142857142858
0__time_reversal_asymmetry_statistic__lag_4_diff,196,5,190.28571428571428
flux__mean_second_derivative_central,216,5,195.71428571428572
2__binned_entropy__max_bins_10,206,5,187.14285714285714
flux_diff_3_by_0,220,5,225.14285714285714
1__flux_dif3,171,5,199.42857142857142
5__sample_entropy_norm,279,5,236.28571428571428
flux_norm_fft_2_by_0,174,5,173.85714285714286
"1__fft_coefficient__coeff_0__attr_""abs""_diff",194,5,195.14285714285714
4__median_diff,169,5,160.57142857142858
4__flux_by_flux_ratio_sq_skew,165,5,153.71428571428572
1__sample_entropy_norm,279,5,227.42857142857142
4__autocorrelation__lag_3,228,5,177.57142857142858
flux__absolute_sum_of_changes,258,5,263.57142857142856
"4__fft_coefficient__coeff_1__attr_""abs""_norm",186,5,185.42857142857142
3__median,176,5,191.85714285714286
2__mean_second_derivative_central,181,5,200.42857142857142
flux_norm_fft_4_by_0,131,5,135.57142857142858
flux_diff_4_by_2,203,5,185.28571428571428
abs_energy_5_by_4,151,5,152.0
"0__fft_coefficient__coeff_1__attr_""abs""_diff",277,5,225.71428571428572
flux_diff_1_by_0,220,5,207.85714285714286
abs_energy_3_by_2,158,5,164.42857142857142
flux_diff_5_by_1,141,5,138.14285714285714
flux_norm_fft_3_by_0,149,5,161.0
3__skewness_diff,215,5,169.28571428571428
0__maximum,203,5,214.57142857142858
abs_energy_5_by_1,121,5,117.0
flux_ratio_sq_skew,130,5,162.28571428571428
object_id_div_27,196,5,159.71428571428572
4__time_reversal_asymmetry_statistic__lag_4,288,5,199.42857142857142
5__autocorrelation__lag_3,121,5,149.0
flux__mean_abs_change,254,5,237.42857142857142
1__maximum_diff,410,5,357.7142857142857
flux__count_above_mean,163,5,160.14285714285714
"4__fft_coefficient__coeff_0__attr_""abs""_norm",201,5,203.14285714285714
flux_diff__last_location_of_minimum,155,5,148.28571428571428
3__autocorrelation__lag_3,222,5,172.71428571428572
flux_diff_5_by_4,172,5,144.0
object_id_div_22,125,5,142.28571428571428
flux_norm_fft_3_by_1,188,5,171.85714285714286
flux__longest_strike_below_mean,166,5,155.14285714285714
flux_norm_fft_4_by_3,118,5,163.85714285714286
flux_diff_4_by_1,141,5,134.57142857142858
5__flux_by_flux_ratio_sq_skew,210,5,176.28571428571428
0__skewness_diff,200,5,145.28571428571428
flux_diff__last_location_of_maximum,173,5,154.71428571428572
abs_energy_4_by_1,189,5,146.85714285714286
abs_energy_3_by_0,194,5,168.28571428571428
"5__fft_coefficient__coeff_1__attr_""abs""",280,5,231.85714285714286
"3__fft_coefficient__coeff_0__attr_""abs""_diff",280,5,218.0
"5__fft_coefficient__coeff_0__attr_""abs""_diff",168,5,198.71428571428572
flux_norm_fft_2_by_1,219,5,172.0
"5__fft_coefficient__coeff_1__attr_""abs""_diff",267,5,234.28571428571428
2__maximum,307,5,225.71428571428572
0__median,251,5,175.85714285714286
1__binned_entropy__max_bins_10_diff,207,5,170.85714285714286
2__median_diff,115,5,135.42857142857142
2__sample_entropy_norm,173,5,154.14285714285714
flux_diff__first_location_of_maximum,128,5,136.28571428571428
flux_norm_fft_5_by_1,214,5,160.0
0__mean_second_derivative_central,206,5,160.0
flux_diff__first_location_of_minimum,112,5,118.71428571428571
3__binned_entropy__max_bins_10,134,5,118.14285714285714
0__skewness,154,5,165.14285714285714
5__skewness,178,5,148.85714285714286
0__flux_dif3,136,5,144.28571428571428
hostgal_photoz,1872,6,1928.5714285714287
mjd_diff_det,1184,6,1460.857142857143
distmod,1164,6,1304.142857142857
hostgal_photoz_certain,1176,6,1289.0
hostgal_photoz_err,644,6,829.0
mjd__mean_abs_change,593,6,709.1428571428571
flux__longest_strike_above_mean,569,6,667.5714285714286
flux__sample_entropy,444,6,501.2857142857143
flux_by_flux_ratio_sq__longest_strike_above_mean,453,6,483.85714285714283
flux_by_flux_ratio_sq__median,358,6,405.57142857142856
flux_by_flux_ratio_sq__minimum,329,6,420.42857142857144
flux_by_flux_ratio_sq_skew,370,6,396.14285714285717
flux__cid_ce__normalize_True,367,6,428.7142857142857
mjd__mean_change,313,6,382.85714285714283
flux_by_flux_ratio_sq__longest_strike_below_mean,347,6,370.0
flux_diff2,317,6,333.7142857142857
flux_by_flux_ratio_sq__sample_entropy,295,6,350.42857142857144
bottom__flux_dif3,220,6,272.7142857142857
flux_err_min,315,6,397.85714285714283
0__abs_energy_norm,321,6,368.14285714285717
5__abs_energy_norm,267,6,299.42857142857144
2__skewness,218,6,260.0
2__median,194,6,283.7142857142857
bottom__flux_diff,245,6,292.85714285714283
"0__fft_coefficient__coeff_0__attr_""abs""_norm",315,6,310.2857142857143
flux_diff_2_by_1,295,6,302.2857142857143
1__skewness,261,6,274.57142857142856
flux_skew,253,6,304.57142857142856
flux__binned_entropy__max_bins_10,308,6,283.42857142857144
flux_by_flux_ratio_sq__count_above_mean,213,6,247.28571428571428
top__flux_dif3,198,6,289.0
4__cid_ce__normalize_True,261,6,293.57142857142856
flux__autocorrelation__lag_3,275,6,292.42857142857144
flux_diff__sample_entropy,295,6,293.7142857142857
abs_energy_5_by_0,228,6,247.28571428571428
abs_energy_4_by_0,328,6,312.7142857142857
flux_by_flux_ratio_sq__cid_ce__normalize_True,231,6,295.85714285714283
2__cid_ce__normalize_True,240,6,307.85714285714283
1__abs_energy_norm,235,6,280.2857142857143
0__cid_ce__normalize_True,188,6,266.42857142857144
1__cid_ce__normalize_True,225,6,305.0
2__minimum,240,6,281.42857142857144
flux_diff__longest_strike_above_mean,213,6,269.0
0__flux_by_flux_ratio_sq_sum,262,6,286.14285714285717
flux__ratio_beyond_r_sigma__r_2,198,6,233.28571428571428
flux_by_flux_ratio_sq__binned_entropy__max_bins_10,171,6,236.14285714285714
abs_energy_3_by_1,251,6,283.85714285714283
detected_mean,230,6,280.42857142857144
4__kurtosis,178,6,236.28571428571428
flux_diff_5_by_3,141,6,196.28571428571428
1__minimum,202,6,267.0
flux_norm_fft_5_by_0,165,6,222.57142857142858
1__flux_by_flux_ratio_sq_skew,206,6,263.85714285714283
abs_energy_2_by_1,238,6,243.0
5__median,222,6,235.0
flux__time_reversal_asymmetry_statistic__lag_4,251,6,279.2857142857143
1__median,224,6,266.42857142857144
5__kurtosis,141,6,200.57142857142858
1__kurtosis,160,6,193.85714285714286
"5__fft_coefficient__coeff_1__attr_""abs""_norm",204,6,199.85714285714286
3__skewness,191,6,213.14285714285714
2__skewness_diff,205,6,227.28571428571428
flux_diff_3_by_1,126,6,184.85714285714286
flux_diff_3_by_2,180,6,181.28571428571428
3__cid_ce__normalize_True,174,6,240.28571428571428
flux_diff__binned_entropy__max_bins_10,206,6,217.28571428571428
flux_median,203,6,253.85714285714286
abs_energy_5_by_2,157,6,195.42857142857142
flux_norm_fft_5_by_2,247,6,235.28571428571428
5__abs_energy,258,6,323.57142857142856
flux_diff_5_by_2,190,6,207.0
flux_by_flux_ratio_sq__first_location_of_minimum,156,6,231.28571428571428
3__kurtosis,217,6,224.14285714285714
flux_by_flux_ratio_sq__autocorrelation__lag_3,185,6,219.14285714285714
"2__fft_coefficient__coeff_0__attr_""abs""_diff",185,6,219.85714285714286
5__cid_ce__normalize_True,183,6,252.85714285714286
2__kurtosis,221,6,200.57142857142858
abs_energy_5_by_3,139,6,192.57142857142858
"5__fft_coefficient__coeff_0__attr_""abs""_norm",172,6,212.42857142857142
2__flux_dif3,217,6,278.42857142857144
5__binned_entropy__max_bins_10,188,6,223.85714285714286
flux_by_flux_ratio_sq__count_below_mean,182,6,266.14285714285717
0__mean,189,6,209.85714285714286
flux_norm_fft_4_by_2,151,6,215.71428571428572
bottom__abs_energy_norm,122,6,177.57142857142858
4__skewness_diff,203,6,246.42857142857142
flux_diff_skew,156,6,240.85714285714286
flux_diff__longest_strike_below_mean,180,6,250.28571428571428
4__median,194,6,196.57142857142858
4__skewness,165,6,206.0
"5__fft_coefficient__coeff_0__attr_""abs""",212,6,247.42857142857142
flux_diff_4_by_3,142,6,174.14285714285714
"0__fft_coefficient__coeff_1__attr_""abs""_norm",155,6,182.57142857142858
0__time_reversal_asymmetry_statistic__lag_4_diff,165,6,190.28571428571428
flux__mean_second_derivative_central,95,6,195.71428571428572
2__binned_entropy__max_bins_10,103,6,187.14285714285714
flux_diff_3_by_0,194,6,225.14285714285714
1__flux_dif3,73,6,199.42857142857142
5__sample_entropy_norm,180,6,236.28571428571428
flux_norm_fft_2_by_0,163,6,173.85714285714286
"1__fft_coefficient__coeff_0__attr_""abs""_diff",149,6,195.14285714285714
4__median_diff,98,6,160.57142857142858
4__flux_by_flux_ratio_sq_skew,80,6,153.71428571428572
1__sample_entropy_norm,195,6,227.42857142857142
4__autocorrelation__lag_3,134,6,177.57142857142858
flux__absolute_sum_of_changes,253,6,263.57142857142856
"4__fft_coefficient__coeff_1__attr_""abs""_norm",189,6,185.42857142857142
3__median,133,6,191.85714285714286
2__mean_second_derivative_central,137,6,200.42857142857142
flux_norm_fft_4_by_0,125,6,135.57142857142858
flux_diff_4_by_2,117,6,185.28571428571428
abs_energy_5_by_4,118,6,152.0
"0__fft_coefficient__coeff_1__attr_""abs""_diff",156,6,225.71428571428572
flux_diff_1_by_0,181,6,207.85714285714286
abs_energy_3_by_2,147,6,164.42857142857142
flux_diff_5_by_1,140,6,138.14285714285714
flux_norm_fft_3_by_0,145,6,161.0
3__skewness_diff,158,6,169.28571428571428
0__maximum,206,6,214.57142857142858
abs_energy_5_by_1,106,6,117.0
flux_ratio_sq_skew,141,6,162.28571428571428
object_id_div_27,135,6,159.71428571428572
4__time_reversal_asymmetry_statistic__lag_4,164,6,199.42857142857142
5__autocorrelation__lag_3,86,6,149.0
flux__mean_abs_change,198,6,237.42857142857142
1__maximum_diff,342,6,357.7142857142857
flux__count_above_mean,142,6,160.14285714285714
"4__fft_coefficient__coeff_0__attr_""abs""_norm",198,6,203.14285714285714
flux_diff__last_location_of_minimum,126,6,148.28571428571428
3__autocorrelation__lag_3,179,6,172.71428571428572
flux_diff_5_by_4,123,6,144.0
object_id_div_22,85,6,142.28571428571428
flux_norm_fft_3_by_1,173,6,171.85714285714286
flux__longest_strike_below_mean,116,6,155.14285714285714
flux_norm_fft_4_by_3,138,6,163.85714285714286
flux_diff_4_by_1,118,6,134.57142857142858
5__flux_by_flux_ratio_sq_skew,111,6,176.28571428571428
0__skewness_diff,110,6,145.28571428571428
flux_diff__last_location_of_maximum,115,6,154.71428571428572
abs_energy_4_by_1,103,6,146.85714285714286
abs_energy_3_by_0,162,6,168.28571428571428
"5__fft_coefficient__coeff_1__attr_""abs""",170,6,231.85714285714286
"3__fft_coefficient__coeff_0__attr_""abs""_diff",137,6,218.0
"5__fft_coefficient__coeff_0__attr_""abs""_diff",145,6,198.71428571428572
flux_norm_fft_2_by_1,159,6,172.0
"5__fft_coefficient__coeff_1__attr_""abs""_diff",195,6,234.28571428571428
2__maximum,217,6,225.71428571428572
0__median,131,6,175.85714285714286
1__binned_entropy__max_bins_10_diff,155,6,170.85714285714286
2__median_diff,119,6,135.42857142857142
2__sample_entropy_norm,105,6,154.14285714285714
flux_diff__first_location_of_maximum,116,6,136.28571428571428
flux_norm_fft_5_by_1,166,6,160.0
0__mean_second_derivative_central,82,6,160.0
flux_diff__first_location_of_minimum,94,6,118.71428571428571
3__binned_entropy__max_bins_10,134,6,118.14285714285714
0__skewness,140,6,165.14285714285714
5__skewness,112,6,148.85714285714286
0__flux_dif3,75,6,144.28571428571428
hostgal_photoz,1926,7,1928.5714285714287
mjd_diff_det,1458,7,1460.857142857143
distmod,1278,7,1304.142857142857
hostgal_photoz_certain,1307,7,1289.0
hostgal_photoz_err,753,7,829.0
mjd__mean_abs_change,683,7,709.1428571428571
flux__longest_strike_above_mean,655,7,667.5714285714286
flux__sample_entropy,485,7,501.2857142857143
flux_by_flux_ratio_sq__longest_strike_above_mean,511,7,483.85714285714283
flux_by_flux_ratio_sq__median,445,7,405.57142857142856
flux_by_flux_ratio_sq__minimum,459,7,420.42857142857144
flux_by_flux_ratio_sq_skew,426,7,396.14285714285717
flux__cid_ce__normalize_True,447,7,428.7142857142857
mjd__mean_change,408,7,382.85714285714283
flux_by_flux_ratio_sq__longest_strike_below_mean,379,7,370.0
flux_diff2,322,7,333.7142857142857
flux_by_flux_ratio_sq__sample_entropy,416,7,350.42857142857144
bottom__flux_dif3,290,7,272.7142857142857
flux_err_min,410,7,397.85714285714283
0__abs_energy_norm,307,7,368.14285714285717
5__abs_energy_norm,334,7,299.42857142857144
2__skewness,260,7,260.0
2__median,307,7,283.7142857142857
bottom__flux_diff,251,7,292.85714285714283
"0__fft_coefficient__coeff_0__attr_""abs""_norm",246,7,310.2857142857143
flux_diff_2_by_1,266,7,302.2857142857143
1__skewness,275,7,274.57142857142856
flux_skew,311,7,304.57142857142856
flux__binned_entropy__max_bins_10,309,7,283.42857142857144
flux_by_flux_ratio_sq__count_above_mean,286,7,247.28571428571428
top__flux_dif3,364,7,289.0
4__cid_ce__normalize_True,309,7,293.57142857142856
flux__autocorrelation__lag_3,307,7,292.42857142857144
flux_diff__sample_entropy,249,7,293.7142857142857
abs_energy_5_by_0,171,7,247.28571428571428
abs_energy_4_by_0,364,7,312.7142857142857
flux_by_flux_ratio_sq__cid_ce__normalize_True,318,7,295.85714285714283
2__cid_ce__normalize_True,332,7,307.85714285714283
1__abs_energy_norm,275,7,280.2857142857143
0__cid_ce__normalize_True,271,7,266.42857142857144
1__cid_ce__normalize_True,263,7,305.0
2__minimum,345,7,281.42857142857144
flux_diff__longest_strike_above_mean,271,7,269.0
0__flux_by_flux_ratio_sq_sum,325,7,286.14285714285717
flux__ratio_beyond_r_sigma__r_2,228,7,233.28571428571428
flux_by_flux_ratio_sq__binned_entropy__max_bins_10,249,7,236.14285714285714
abs_energy_3_by_1,310,7,283.85714285714283
detected_mean,274,7,280.42857142857144
4__kurtosis,253,7,236.28571428571428
flux_diff_5_by_3,210,7,196.28571428571428
1__minimum,349,7,267.0
flux_norm_fft_5_by_0,217,7,222.57142857142858
1__flux_by_flux_ratio_sq_skew,262,7,263.85714285714283
abs_energy_2_by_1,244,7,243.0
5__median,238,7,235.0
flux__time_reversal_asymmetry_statistic__lag_4,312,7,279.2857142857143
1__median,265,7,266.42857142857144
5__kurtosis,217,7,200.57142857142858
1__kurtosis,201,7,193.85714285714286
"5__fft_coefficient__coeff_1__attr_""abs""_norm",204,7,199.85714285714286
3__skewness,221,7,213.14285714285714
2__skewness_diff,254,7,227.28571428571428
flux_diff_3_by_1,202,7,184.85714285714286
flux_diff_3_by_2,233,7,181.28571428571428
3__cid_ce__normalize_True,267,7,240.28571428571428
flux_diff__binned_entropy__max_bins_10,223,7,217.28571428571428
flux_median,259,7,253.85714285714286
abs_energy_5_by_2,236,7,195.42857142857142
flux_norm_fft_5_by_2,207,7,235.28571428571428
5__abs_energy,404,7,323.57142857142856
flux_diff_5_by_2,183,7,207.0
flux_by_flux_ratio_sq__first_location_of_minimum,278,7,231.28571428571428
3__kurtosis,250,7,224.14285714285714
flux_by_flux_ratio_sq__autocorrelation__lag_3,282,7,219.14285714285714
"2__fft_coefficient__coeff_0__attr_""abs""_diff",205,7,219.85714285714286
5__cid_ce__normalize_True,240,7,252.85714285714286
2__kurtosis,169,7,200.57142857142858
abs_energy_5_by_3,171,7,192.57142857142858
"5__fft_coefficient__coeff_0__attr_""abs""_norm",243,7,212.42857142857142
2__flux_dif3,242,7,278.42857142857144
5__binned_entropy__max_bins_10,260,7,223.85714285714286
flux_by_flux_ratio_sq__count_below_mean,253,7,266.14285714285717
0__mean,231,7,209.85714285714286
flux_norm_fft_4_by_2,225,7,215.71428571428572
bottom__abs_energy_norm,157,7,177.57142857142858
4__skewness_diff,206,7,246.42857142857142
flux_diff_skew,233,7,240.85714285714286
flux_diff__longest_strike_below_mean,228,7,250.28571428571428
4__median,232,7,196.57142857142858
4__skewness,165,7,206.0
"5__fft_coefficient__coeff_0__attr_""abs""",273,7,247.42857142857142
flux_diff_4_by_3,193,7,174.14285714285714
"0__fft_coefficient__coeff_1__attr_""abs""_norm",191,7,182.57142857142858
0__time_reversal_asymmetry_statistic__lag_4_diff,147,7,190.28571428571428
flux__mean_second_derivative_central,276,7,195.71428571428572
2__binned_entropy__max_bins_10,194,7,187.14285714285714
flux_diff_3_by_0,244,7,225.14285714285714
1__flux_dif3,213,7,199.42857142857142
5__sample_entropy_norm,259,7,236.28571428571428
flux_norm_fft_2_by_0,223,7,173.85714285714286
"1__fft_coefficient__coeff_0__attr_""abs""_diff",157,7,195.14285714285714
4__median_diff,201,7,160.57142857142858
4__flux_by_flux_ratio_sq_skew,153,7,153.71428571428572
1__sample_entropy_norm,218,7,227.42857142857142
4__autocorrelation__lag_3,149,7,177.57142857142858
flux__absolute_sum_of_changes,290,7,263.57142857142856
"4__fft_coefficient__coeff_1__attr_""abs""_norm",169,7,185.42857142857142
3__median,194,7,191.85714285714286
2__mean_second_derivative_central,234,7,200.42857142857142
flux_norm_fft_4_by_0,148,7,135.57142857142858
flux_diff_4_by_2,205,7,185.28571428571428
abs_energy_5_by_4,133,7,152.0
"0__fft_coefficient__coeff_1__attr_""abs""_diff",278,7,225.71428571428572
flux_diff_1_by_0,182,7,207.85714285714286
abs_energy_3_by_2,179,7,164.42857142857142
flux_diff_5_by_1,133,7,138.14285714285714
flux_norm_fft_3_by_0,135,7,161.0
3__skewness_diff,141,7,169.28571428571428
0__maximum,258,7,214.57142857142858
abs_energy_5_by_1,117,7,117.0
flux_ratio_sq_skew,166,7,162.28571428571428
object_id_div_27,156,7,159.71428571428572
4__time_reversal_asymmetry_statistic__lag_4,253,7,199.42857142857142
5__autocorrelation__lag_3,164,7,149.0
flux__mean_abs_change,230,7,237.42857142857142
1__maximum_diff,298,7,357.7142857142857
flux__count_above_mean,162,7,160.14285714285714
"4__fft_coefficient__coeff_0__attr_""abs""_norm",177,7,203.14285714285714
flux_diff__last_location_of_minimum,154,7,148.28571428571428
3__autocorrelation__lag_3,103,7,172.71428571428572
flux_diff_5_by_4,166,7,144.0
object_id_div_22,156,7,142.28571428571428
flux_norm_fft_3_by_1,162,7,171.85714285714286
flux__longest_strike_below_mean,128,7,155.14285714285714
flux_norm_fft_4_by_3,197,7,163.85714285714286
flux_diff_4_by_1,121,7,134.57142857142858
5__flux_by_flux_ratio_sq_skew,139,7,176.28571428571428
0__skewness_diff,126,7,145.28571428571428
flux_diff__last_location_of_maximum,159,7,154.71428571428572
abs_energy_4_by_1,151,7,146.85714285714286
abs_energy_3_by_0,145,7,168.28571428571428
"5__fft_coefficient__coeff_1__attr_""abs""",208,7,231.85714285714286
"3__fft_coefficient__coeff_0__attr_""abs""_diff",249,7,218.0
"5__fft_coefficient__coeff_0__attr_""abs""_diff",185,7,198.71428571428572
flux_norm_fft_2_by_1,175,7,172.0
"5__fft_coefficient__coeff_1__attr_""abs""_diff",226,7,234.28571428571428
2__maximum,189,7,225.71428571428572
0__median,152,7,175.85714285714286
1__binned_entropy__max_bins_10_diff,129,7,170.85714285714286
2__median_diff,131,7,135.42857142857142
2__sample_entropy_norm,180,7,154.14285714285714
flux_diff__first_location_of_maximum,146,7,136.28571428571428
flux_norm_fft_5_by_1,165,7,160.0
0__mean_second_derivative_central,148,7,160.0
flux_diff__first_location_of_minimum,130,7,118.71428571428571
3__binned_entropy__max_bins_10,144,7,118.14285714285714
0__skewness,180,7,165.14285714285714
5__skewness,140,7,148.85714285714286
0__flux_dif3,146,7,144.28571428571428
